,song_title,artist_name,ids
0,÷ (Deluxe),Ed Sheeran,3T4tUhGYeRNVUGevb0wThu
1,My Everything (Deluxe),Ariana Grande,6EVYTRG1drKdO8OnIQBeEj
2,1989,Taylor Swift,5fy0X0JmZRZnVa2UEicIOl
3,Say You Won't Let Go,James Arthur,0BL67dR6x0CPU7B7J9P8qC
4,Mercy,Shawn Mendes,5k3xD5FmMQjKuqJgK4Qk4k
5,It's About Us,Alex & Sierra,3Yk19X5zgXDSrG8uqrPnXC
6,HAIZ,Hailee Steinfeld,7l7krK8FvTzUljTwR50qlZ
7,Please Don't Go,Joel Adams,2SF8Wbc61u8hlQkZYGVCnx
8,Illuminate (Deluxe),Shawn Mendes,0S9QJQiRmG9JYYfJfKqhDF
9,First Impressions,James TW,6ZPn3tnyLZAbgLFy3GSkqT
10,Dancing On My Own,Calum Scott,5Hq4LcmCQ6BP3kM8J5lgga
11,I Don’t Wanna Live Forever (Fifty Shades Darker),ZAYN,5MxXY7DbFMUiHFTPUabgJJ
12,24K Magic,Bruno Mars,4PgleR09JVnm3zY1fW3XBA
13,Stay,Zedd,1I4W7JKzYbl8VKRfD61DIS
14,Dangerous Woman,Ariana Grande,4lVR2fg3DAUQpGVJ6DciHW
15,MKTO,MKTO,5IenxFp0vpnXBUxPcwJtbE
16,Nine Track Mind,Charlie Puth,5Nwsra93UQYJ6xxcjcE10x
17,25,Adele,7uwTHXmFa1Ebi5flqBosig
18,Closer,The Chainsmokers,0rSLgV8p5FzfnqlEk4GzxE
19,Strip That Down,Liam Payne,2mnDyPSNM02LMvniaMWnLl
20,Midnight Memories (Deluxe),One Direction,7p1fX8aUySrBdx4WSYspOu
21,September Song,JP Cooper,4PtHrEv5SyIVsdbMKi6Vkg
22,5 Seconds Of Summer,5 Seconds of Summer,2LkWHNNHgD6BRNeZI2SL1L
23,In the Name of Love,Martin Garrix,1FOJ5IXGXe8dl0cXvCU6wK
24,Stoney (Deluxe),Post Malone,5s0rmjP8XOPhP6HhqOhuyC
25,x (Deluxe Edition),Ed Sheeran,1xn54DMo2qIqBuMqHtUsFd
26,"How Far I'll Go (From ""Vaiana"")",Alessia Cara,5w5P7lTPAQAbgJX73on3gx
27,us,gnash,3L0H4RjVXpEkwfDgi3XOdf
28,Drag Me Down,One Direction,7LnU0hAOYe9aq91PCKMI7A
29,Doo-Wops & Hooligans,Bruno Mars,6J84szYCnMfzEcvIcfWMFL
30,Paris,The Chainsmokers,64vx3cUb97lQGlgt8zozWL
31,Purpose (Deluxe),Justin Bieber,7fZH0aUAjY3ay25obOUf2a
32,Weekendhygge,Meghan Trainor,6PrwLe1KHwzYMjhWIGkUy5
33,Lay Me Down,Sam Smith,3uRJWbCnuU4kCxHQWp009X
34,Overexposed Track By Track,Maroon 5,6ijGiBcBfUwkoyHn5VUHU2
35,Now That's What I Call Music! 91,Little Mix,12Gk2SUnu0POfjsEcdGSiX
36,The Papercut Chronicles II,Gym Class Heroes,2mumCpGmuE9iDeOvMx6XrB
37,Never Forget You,MNEK,6qzPKFNrkrL7xTa7osFbnR
38,In The Lonely Hour (Drowning Shadows Edition),Sam Smith,0kJbDT8VGMScK8YDzNNvzV
39,Mind Of Mine (Deluxe Edition),ZAYN,5amj9zNeZ3B2EdpBgXrOZ0
40,When We Were Young,Adele,5oWQ2uILvj5bAjeIjSYYc8
41,2U (feat. Justin Bieber),David Guetta,1PZviVfBJJxNw5EtAwzdUu
42,NRJ 200% Hits 2012,Katy Perry,2kagtqzz8V0v3pgDrJnYuW
43,V (Deluxe),Maroon 5,2xOAAj0YESnHbb0Fcrle5N
44,In The Lonely Hour (Deluxe Edition),Sam Smith,7p7RFI5jtwYDknwhnQgmlp
45,Handwritten (Deluxe),Shawn Mendes,5wKylB0Zwnxz046O7po25D
46,Shape of You,Ed Sheeran,7oJa8bPFKVbq4c7NswXHw8
47,Encore,DJ Snake,55bbXORm6ZrVq52zfZnxBf
48,Don't Wanna Know,Maroon 5,0fvTn3WXF39kQs9i3bnNpP
49,Shower,Becky G,4JlzEvVJqpb62Xwc0EmOHr
50,Perfect Strangers,Jonas Blue,163nFrWkhj8FwiwJ11Gu93
51,Tears (feat. Louisa Johnson),Clean Bandit,5J1vKkCC6aoOGZjE7YZrHE
52,I Knew You Were Trouble.,Taylor Swift,5IOTP0JlV7vPqRlftkrJGF
53,Wildfire,Rachel Platten,0mFDIOqypzHp6Xd0el1hoT
54,"Flashlight (From ""Pitch Perfect 2"" Soundtrack)",Jessie J,6eHYEyGAO6phgXexCWV4Iw
55,Nine Track Mind,Charlie Puth,3kndSWeE2IYOrZEToZrHEV
56,Lost Boy,Ruth B.,7drYNu2imHk188vP81icR3
57,Demi,Demi Lovato,6Kssm2LosQ0WyLukFZkEG5
58,Cold Water (feat. Justin Bieber & MØ),Major Lazer,3o99825qhG7K7D07naRs4F
59,Evolve,Imagine Dragons,33pt9HBdGlAbRGBHQgsZsU
60,Unorthodox Jukebox,Bruno Mars,58ufpQsJ1DS5kq4hhzQDiI
61,Astrid S,Astrid S,5xzkyCZ5LEOmI3a3bvrNIa
62,"Love Me Like You Do (From ""Fifty Shades Of Grey"")",Ellie Goulding,2YLHkrwyRBsjBgSAySg0es
63,V,Maroon 5,7AaeqTsD0l3x86USQBDSLS
64,Jason Derulo (Deluxe Audio),Jason Derulo,773TVtjVxXvD6DFHsWFJGN
65,PRISM (Deluxe),Katy Perry,4lFDt4sVpCni9DRHRmDjgG
66,Now 2015,Ariana Grande,5otnOsPZLV1wuoz1gQd9yP
67,VHS,X Ambassadors,7A8fZ2jjiu5heq7wNCutKN
68,Now That's What I Call Music! 90,Sam Smith,0kfe6NsSLDG2KiM37dRXWg
69,G.R.L.,G.R.L.,3EnagjeTqe4GvpF3dgVPtF
70,Do It Again,Pia Mia,3kBBntDYL62xlqgnulskwv
71,Call On Me,Starley,3PznGvjYhmK2jeTA1pdxkK
72,Solo Dance,Martin Jensen,3BcNHuKlAm57APDcwh7LJq
73,Last Year Was Complicated,Nick Jonas,1J1mjhlth8XnU8ttfRKp5r
74,Whatever,Hot Chelle Rae,0UkgnXc0w7qiRE2X086BdN
75,FourFiveSeconds,Rihanna,7yBl4uFyJzH48Vy6tPieXL
76,B.o.B Presents: The Adventures of Bobby Ray,B.o.B,7apLPYT8szV1IqTxyVSy5P
77,Best Thing I Never Had,Beyoncé,2mtf43J85iyxUjF57UP1Jl
78,"Save Me, San Francisco (Golden Gate Edition)",Train,1CwXS6MAz8Wo7K4TzW9iuR
79,What Dreams Are Made Of,R. City,4AUTMNSP56xicSznzKgzjB
80,Despacito Feat. Justin Bieber (Remix),Luis Fonsi,3smvpv7CdrhVcGYaNDLOqn
81,NOW That's What I Call Music Vol. 49,A Great Big World,3dU6Sru08mCpY4Y7EMTkiz
82,Rockabye (feat. Sean Paul & Anne-Marie),Clean Bandit,3meZFplbMmji648oWUNEfQ
83,Jealous (Remix),Nick Jonas,5z4h0RXuUgEiUjEAFUKiV3
84,In A Perfect World,Kodaline,29Tc7Ue6KVfc5mzXxoMgEL
85,7/27 (Deluxe),Fifth Harmony,0pF0oyuPNdOObniB1Ng0kW
86,No Sound Without Silence,The Script,6yd9yk8nFcHalXzy7mgaDx
